75,88,131,167,120,87,69,24,184,206,2,28,124,41,145,138,143,6,168,111,128,250,91,181,75,107,247,212,180,80,66,29
214,189,47,251,70,57,49,125,230,32,133,147,215,252,41,173,47,43,12,239,109,74,168,77,73,49,78,220,156,118,203,221
62,0,236,187,208,148,78,22,11,160,33,77,56,112,183,56,204,196,36,161,78,83,115,142,243,38,237,175,187,33,22,184
49,113,73,155,42,45,136,187,128,113,77,221,202,250,92,215,51,62,217,148,251,16,214,103,84,148,143,25,223,225,129,220
254,197,24,77,138,129,232,248,145,254,172,206,142,111,78,80,184,170,137,148,122,14,110,215,54,170,115,85,42,37,250,52
127,34,155,68,253,112,201,30,88,181,20,48,222,98,38,34,152,54,22,221,200,188,234,243,67,239,118,211,112,219,11,203
56,29,155,109,109,92,166,169,127,182,89,10,145,202,37,103,101,111,49,94,240,98,254,63,111,229,140,165,164,222,0,173
131,43,76,166,170,27,4,184,59,20,130,232,208,106,194,242,159,120,167,84,214,164,26,139,76,219,72,150,218,0,134,68
238,106,197,237,72,89,70,252,65,3,139,125,29,222,50,16,111,102,213,40,101,43,197,89,117,130,234,202,138,81,91,87
77,199,234,31,103,82,251,148,72,137,103,197,77,239,127,8,93,161,20,207,70,241,211,26,66,232,104,176,100,62,96,200
177,131,155,166,199,148,84,249,18,50,82,30,195,113,0,199,78,97,106,80,173,247,117,23,107,101,232,166,23,107,54,223
217,173,243,153,218,233,54,193,17,164,146,155,42,117,249,197,223,72,85,64,51,92,29,5,23,134,132,152,164,205,164,135
195,35,168,153,222,135,244,241,175,225,41,173,28,159,188,190,36,198,31,214,98,245,145,110,130,150,210,215,211,122,229,215
149,131,21,48,160,214,130,142,109,137,125,122,188,246,26,68,116,43,53,182,26,151,79,149,146,240,164,93,208,14,64,248
203,118,28,201,105,33,196,127,34,233,39,201,222,18,197,56,184,21,88,27,37,24,38,254,217,143,183,170,132,110,212,251
169,34,173,65,62,251,16,131,124,149,51,155,72,71,60,146,195,201,87,146,119,155,88,39,118,252,198,53,156,104,92,144
203,201,34,201,64,250,25,25,6,130,179,56,27,108,164,179,30,171,152,51,101,123,40,165,88,20,201,181,89,170,12,4
254,165,170,82,102,42,239,217,224,74,246,178,26,207,197,52,42,3,188,177,193,57,189,111,86,66,94,92,245,160,146,112
52,181,188,20,239,184,131,6,224,36,120,26,47,99,162,156,118,78,132,133,62,14,89,46,178,53,247,215,219,181,178,211
242,194,110,9,217,133,80,243,8,188,156,74,108,116,156,54,90,72,70,239,162,60,145,95,151,18,127,7,204,236,177,180
95,126,197,142,47,239,140,5,144,227,254,19,152,227,143,184,19,133,100,201,243,8,15,109,79,174,170,62,86,86,142,173
191,61,44,230,41,209,98,224,73,7,196,18,105,153,158,190,32,21,215,246,107,137,60,199,126,205,1,46,187,178,127,165
122,237,49,53,181,212,82,193,156,54,208,121,194,154,152,167,86,20,61,124,10,160,118,203,128,52,12,223,150,37,153,192
148,39,223,34,223,165,85,208,217,20,73,239,215,54,14,85,232,255,5,152,26,130,149,49,11,83,195,161,189,139,41,59
146,123,182,232,252,234,147,202,160,24,101,61,24,93,76,179,71,87,253,172,230,162,208,211,159,240,58,125,175,239,118,162
232,39,75,214,18,77,33,63,178,127,210,99,205,96,50,26,76,136,73,64,41,249,232,87,146,252,174,47,192,59,200,153
198,240,132,252,39,78,206,64,113,123,21,177,90,192,91,23,73,110,107,188,201,176,4,171,196,177,210,196,140,56,136,8
21,159,27,20,174,88,139,173,97,90,194,220,43,207,129,162,250,159,34,50,55,217,37,245,8,125,75,63,55,96,207,64
45,88,9,8,127,95,155,101,195,172,217,3,159,114,115,246,10,38,145,105,102,177,129,85,233,135,85,121,72,247,158,57
175,209,163,225,180,231,197,131,142,3,220,48,224,64,138,30,205,248,132,250,136,29,45,93,28,147,240,73,242,118,238,172
16,159,55,113,124,70,117,0,51,241,23,218,81,186,185,190,218,69,77,12,216,226,159,71,128,144,71,195,210,78,141,43
139,231,78,1,116,118,169,105,247,123,56,13,21,144,49,187,51,39,131,141,143,119,179,220,230,44,246,94,133,181,245,206
50,47,63,178,224,112,255,179,42,133,105,243,181,206,62,13,171,225,236,185,141,148,6,84,27,61,250,117,87,245,174,236
224,119,28,154,171,144,46,13,25,149,30,118,157,13,61,159,135,134,210,37,197,188,48,106,32,1,200,124,74,91,217,218
255,29,63,222,109,226,220,67,26,129,102,14,134,44,228,190,224,161,104,137,153,207,217,155,87,248,217,77,24,68,217,244
162,72,142,162,196,214,91,81,55,9,28,93,238,36,107,116,121,98,25,83,84,95,48,236,41,27,104,255,138,156,92,101
99,136,250,204,180,31,82,228,23,166,212,73,4,45,51,183,4,108,106,67,139,72,251,57,148,43,176,10,55,107,170,197
128,231,60,197,214,19,168,48,165,253,156,187,193,171,192,98,50,55,144,250,55,194,110,200,53,250,93,176,31,45,226,156
120,19,109,68,146,230,250,55,135,227,9,196,134,55,97,243,210,26,155,154,195,219,243,39,45,142,246,223,45,56,61,117
234,144,95,254,216,89,136,75,241,218,119,207,140,49,24,3,254,86,125,169,36,177,148,70,146,117,208,77,80,171,58,71
81,62,71,229,166,31,17,2,108,149,218,186,190,136,73,124,234,171,222,143,106,86,76,218,60,223,98,129,18,2,150,70
47,150,241,242,88,12,198,94,65,218,191,75,40,219,109,207,172,38,190,18,110,125,59,50,173,214,70,61,123,199,229,35
193,48,223,65,135,31,248,176,182,156,249,186,105,6,152,108,33,178,47,221,161,160,50,74,144,156,20,155,67,46,74,27
232,101,235,3,99,40,126,141,94,220,14,0,32,137,45,226,77,144,211,251,211,104,45,103,247,81,138,152,111,91,209,149
141,83,97,134,35,211,191,15,19,69,30,70,195,17,222,243,39,7,115,83,185,247,123,150,243,43,240,201,98,7,39,224
171,155,121,132,54,174,189,175,127,102,40,156,9,124,107,56,62,215,184,39,239,97,254,199,135,71,141,204,204,56,229,64
46,67,52,197,219,180,200,78,144,201,86,48,57,186,198,31,184,171,24,207,242,57,46,82,254,132,62,192,110,111,244,141
32,163,54,88,196,13,185,138,77,141,132,231,131,9,185,134,255,205,20,127,10,156,74,121,29,42,100,206,63,180,183,219
252,31,121,50,0,172,54,158,101,235,98,84,147,130,238,73,68,223,27,118,109,151,178,90,186,216,32,244,92,78,43,42
40,179,236,185,22,155,22,203,17,70,153,105,35,196,220,211,204,46,128,80,28,58,111,122,22,253,190,224,67,101,30,110
230,248,121,246,154,17,37,124,136,4,117,130,221,174,53,22,142,94,105,152,139,117,252,239,252,90,203,152,120,132,232,29
100,173,85,251,14,66,252,90,197,157,78,205,214,213,205,247,217,85,51,234,47,176,96,252,191,62,228,233,133,247,214,164
0,30,74,3,129,152,132,197,33,0,210,152,40,70,103,208,39,188,2,153,117,141,215,238,173,241,127,57,214,162,250,56
154,151,119,185,28,247,17,205,185,41,240,172,56,243,207,103,64,57,136,174,112,21,158,65,222,245,179,118,14,194,112,124
150,126,193,169,168,188,178,87,108,47,135,160,76,249,226,10,148,139,46,222,173,129,208,129,117,145,160,0,174,99,104,12
127,180,81,54,37,0,32,224,225,53,11,153,202,58,163,109,40,245,66,180,150,28,179,246,115,25,238,18,108,128,251,107
95,183,33,6,181,125,133,59,17,206,35,5,99,172,183,231,66,12,147,143,39,240,190,94,148,146,130,194,192,237,195,28
124,159,113,96,215,191,115,188,144,38,238,40,160,253,12,123,133,106,174,204,67,112,30,253,38,222,20,224,13,13,206,190
120,22,245,211,152,138,64,6,33,103,164,198,93,23,117,157,126,215,93,29,248,111,201,71,37,252,104,254,71,138,117,87
59,219,237,90,65,48,15,23,172,252,10,144,1,203,180,14,113,231,197,160,167,71,162,89,209,136,81,39,89,215,38,190
56,47,166,49,179,162,245,43,48,7,43,117,194,120,122,70,249,141,13,100,112,65,31,178,187,81,99,170,140,26,95,166
251,0,30,154,79,47,46,95,244,165,68,9,253,8,246,115,17,38,121,46,78,87,236,193,141,143,208,156,143,185,66,146
149,216,7,88,170,136,189,37,73,67,224,180,23,154,221,81,95,224,4,228,84,5,178,21,74,71,5,0,66,90,49,93
242,76,0,94,227,247,175,42,12,118,195,141,225,22,143,239,245,232,221,12,41,143,102,67,73,194,124,224,152,5,145,243
251,128,40,208,10,131,143,154,184,129,64,19,252,71,158,118,172,20,51,39,143,138,248,52,30,39,234,22,179,212,111,31
37,150,181,37,106,248,55,228,28,209,168,28,140,120,230,199,102,14,143,64,167,228,36,154,28,16,31,246,200,46,83,55
94,92,110,4,114,219,67,193,130,91,14,175,210,233,252,101,208,249,159,255,122,186,145,129,55,70,128,247,216,216,106,49
45,159,140,161,16,127,139,164,38,203,216,162,191,108,72,116,184,45,70,82,223,51,64,8,10,186,78,17,134,238,62,127
